<?xml version="1.0" encoding="utf-8"?>
<extension type="plugin" group="system" method="upgrade">
    <name>PLG_SYSTEM_SMARTALIAS</name>
    <author>Pisan Chueachatchai</author>
    <authorEmail>office@colorpack.co.th</authorEmail>
    <authorUrl>https://colorpack.co.th/</authorUrl>
    <version>1.1.5</version>
    <creationDate>April 25, 2024</creationDate>
    <copyright>Copyright (C) 2024 Colorpack Creations Co.,Ltd. All rights reserved.</copyright>
    <license>GNU General Public License version 2 or later</license>
    <description>PLG_SYSTEM_SMARTALIAS_DESC</description>
    <files>
        <filename plugin="smartalias">smartalias.php</filename>
        <filename>index.html</filename>
    </files>
    <languages>
        <language tag="en-GB">language/en-GB/plg_system_smartalias.ini</language>
        <language tag="en-GB">language/en-GB/plg_system_smartalias.sys.ini</language>
        <language tag="th-TH">language/th-TH/plg_system_smartalias.ini</language>
        <language tag="th-TH">language/th-TH/plg_system_smartalias.sys.ini</language>
    </languages>
    <config>
        <fields name="params">
            <fieldset name="basic">
                <!-- ค่าความยาวสูงสุดของ alias -->
                <field name="alias_length"
                       type="number"
                       default="100"
                       label="PLG_SYSTEM_SMARTALIAS_FIELD_MAX_LENGTH"
                       description="PLG_SYSTEM_SMARTALIAS_FIELD_MAX_LENGTH_DESC"
                       min="0"
                       step="1" />

                <!-- ฟิลด์สำหรับเปิด/ปิดการเพิ่ม ID -->
                <field name="append_id"
                       type="radio"
                       default="1"
                       label="PLG_SYSTEM_SMARTALIAS_FIELD_APPEND_ID"
                       description="PLG_SYSTEM_SMARTALIAS_FIELD_APPEND_ID_DESC"
                       class="btn-group btn-group-yesno">
                    <option value="1">JYES</option>
                    <option value="0">JNO</option>
                </field>

                <!-- ฟิลด์สำหรับตำแหน่งของ ID แสดงเมื่อเปิดใช้งานการเพิ่ม ID -->
                <field name="id_position"
                       type="radio"
                       default="suffix"
                       label="PLG_SYSTEM_SMARTALIAS_FIELD_ID_POSITION"
                       description="PLG_SYSTEM_SMARTALIAS_FIELD_ID_POSITION_DESC"
                       showon="append_id:1"
                       class="btn-group">
                    <option value="prefix">PLG_SYSTEM_SMARTALIAS_FIELD_ID_POSITION_PREFIX</option>
                    <option value="suffix">PLG_SYSTEM_SMARTALIAS_FIELD_ID_POSITION_SUFFIX</option>
                </field>

                <!-- ฟิลด์สำหรับใช้ ID อย่างเดียว แสดงเมื่อเปิดใช้งานการเพิ่ม ID -->
                <field name="use_id_only"
                       type="radio"
                       default="0"
                       label="PLG_SYSTEM_SMARTALIAS_FIELD_USE_ID_ONLY"
                       description="PLG_SYSTEM_SMARTALIAS_FIELD_USE_ID_ONLY_DESC"
                       showon="append_id:1"
                       class="btn-group btn-group-yesno">
                    <option value="1">JYES</option>
                    <option value="0">JNO</option>
                </field>
                
                <!-- ฟิลด์สำหรับคำนำหน้า ID แสดงเมื่อเลือกใช้ ID อย่างเดียว -->
                <field name="id_prefix"
                       type="text"
                       default=""
                       label="PLG_SYSTEM_SMARTALIAS_FIELD_ID_PREFIX"
                       description="PLG_SYSTEM_SMARTALIAS_FIELD_ID_PREFIX_DESC"
                       showon="append_id:1[AND]use_id_only:1"
                       filter="string" />

                <!-- ฟิลด์สำหรับแสดงตัวนับอักขระ -->
                <field name="show_char_counter"
                       type="radio"
                       default="1"
                       label="PLG_SYSTEM_SMARTALIAS_FIELD_SHOW_CHAR_COUNTER"
                       description="PLG_SYSTEM_SMARTALIAS_FIELD_SHOW_CHAR_COUNTER_DESC"
                       class="btn-group btn-group-yesno">
                    <option value="1">JYES</option>
                    <option value="0">JNO</option>
                </field>

                <!-- ฟิลด์สำหรับให้สร้าง alias ใหม่เมื่อช่อง alias ว่าง -->
                <field name="force_alias_when_empty"
                       type="radio"
                       default="1"
                       label="PLG_SYSTEM_SMARTALIAS_FIELD_FORCE_WHEN_EMPTY"
                       description="PLG_SYSTEM_SMARTALIAS_FIELD_FORCE_WHEN_EMPTY_DESC"
                       class="btn-group btn-group-yesno">
                    <option value="1">JYES</option>
                    <option value="0">JNO</option>
                </field>
            </fieldset>
        </fields>
    </config>
    <updateservers>
        <server type="extension" priority="1" name="Smart Alias Updates">https://raw.githubusercontent.com/lungkao/plg_system_smartalias/main/updates.xml</server>
    </updateservers>
</extension>
